{"count":1,"self":15.1462832,"total":26.763046799999998,"children":{"InitializeActuators":{"count":1,"self":0.00099819999999999987,"total":0.00099819999999999987,"children":null},"InitializeSensors":{"count":1,"self":0.0019954,"total":0.0019954,"children":null},"AgentSendState":{"count":6251,"self":0.0982011,"total":4.0256984,"children":{"CollectObservations":{"count":1251,"self":0.0039895,"total":0.0039895,"children":null},"CollectDiscreteActionMasks":{"count":1251,"self":0.0049827,"total":0.0049827,"children":null},"RequestDecision":{"count":1251,"self":0.028938,"total":3.9185250999999997,"children":{"AgentInfo.ToProto":{"count":1251,"self":0.018938899999999998,"total":3.8895871,"children":{"GenerateSensorData":{"count":1251,"self":3.7968219999999997,"total":3.8706481999999998,"children":{"RayPerceptionSensor.Perceive":{"count":1251,"self":0.073826099999999992,"total":0.073826099999999992,"children":null}}}}}}}}},"DecideAction":{"count":6251,"self":7.5352479999999993,"total":7.5352476,"children":null},"AgentAct":{"count":6251,"self":0.0508293,"total":0.0508293,"children":null}},"gauges":{},"metadata":{"timer_format_version":"0.1.0","start_time_seconds":"1645083726","unity_version":"2020.3.18f1","command_line_arguments":"D:\\unity\\2020.3.18f1\\Editor\\Unity.exe -projectpath D:\/VGP332\/UnityML-Driving\/UnityML-Driving -useHub -hubIPC -cloudEnvironment production -hubSessionId 3333f610-8ede-11ec-a255-5ba50089fd20 -accessToken Ow1k-MxEeVSeRANjU1SHB9-mnpAIRBwxyDz2zt0hgNg003f","communication_protocol_version":"1.1.0","com.unity.ml-agents_version":"1.4.0-preview","scene_name":"SampleScene","end_time_seconds":"1645083753"}}