{"count":1,"self":30.756787199999998,"total":133.0081245,"children":{"InitializeActuators":{"count":1,"self":0.00099739999999999985,"total":0.00099739999999999985,"children":null},"InitializeSensors":{"count":1,"self":0.00099739999999999985,"total":0.00099739999999999985,"children":null},"AgentSendState":{"count":44567,"self":0.5622394,"total":4.3893195999999994,"children":{"CollectObservations":{"count":8914,"self":0.043329599999999996,"total":0.043329599999999996,"children":null},"CollectDiscreteActionMasks":{"count":8914,"self":0.0328517,"total":0.0328517,"children":null},"RequestDecision":{"count":8914,"self":0.1773409,"total":3.7508988999999997,"children":{"AgentInfo.ToProto":{"count":8914,"self":0.1614091,"total":3.573558,"children":{"GenerateSensorData":{"count":8914,"self":2.7220164,"total":3.4121489,"children":{"RayPerceptionSensor.Perceive":{"count":8914,"self":0.69013249999999993,"total":0.69013249999999993,"children":null}}}}}}}}},"DecideAction":{"count":44567,"self":46.554255999999995,"total":46.554256599999995,"children":null},"AgentAct":{"count":44567,"self":51.304767999999996,"total":51.3047678,"children":null}},"gauges":{},"metadata":{"timer_format_version":"0.1.0","start_time_seconds":"1646683744","unity_version":"2020.3.18f1","command_line_arguments":"D:\\unity\\2020.3.18f1\\Editor\\Unity.exe -projectpath D:\/VGP332\/UnityML-Driving\/UnityML-Driving -useHub -hubIPC -cloudEnvironment production -hubSessionId cff0df70-9e4e-11ec-bbcc-81757159cab2 -accessToken MiaRD2FMTMGg6NyO7yGCUwYkjUBWqnaBwfRKhxjTqsQ003f","communication_protocol_version":"1.1.0","com.unity.ml-agents_version":"1.4.0-preview","scene_name":"SelfParking","end_time_seconds":"1646683877"}}