{
    "name": "root",
    "metadata": {
        "timer_format_version": "0.1.0",
        "start_time_seconds": "1646683342",
        "python_version": "3.8.10 (tags/v3.8.10:3d8993a, May  3 2021, 11:48:03) [MSC v.1928 64 bit (AMD64)]",
        "command_line_arguments": "D:\\VGP332\\UnityML-Driving\\UnityML-Driving\\venv\\Scripts\\mlagents-learn --force",
        "mlagents_version": "0.28.0",
        "mlagents_envs_version": "0.28.0",
        "communication_protocol_version": "1.5.0",
        "pytorch_version": "1.10.2+cu113",
        "numpy_version": "1.22.2",
        "end_time_seconds": "1646683616"
    },
    "total": 274.53748440000004,
    "count": 1,
    "self": 0.005817200000024059,
    "children": {
        "run_training.setup": {
            "total": 0.129540200000001,
            "count": 1,
            "self": 0.129540200000001
        },
        "TrainerController.start_learning": {
            "total": 274.402127,
            "count": 1,
            "self": 0.1604938999990395,
            "children": {
                "TrainerController._reset_env": {
                    "total": 21.1881613,
                    "count": 1,
                    "self": 21.1881613
                },
                "TrainerController.advance": {
                    "total": 251.99565120000096,
                    "count": 9357,
                    "self": 0.1625228000003176,
                    "children": {
                        "env_step": {
                            "total": 250.3532465999997,
                            "count": 9357,
                            "self": 217.80361599999864,
                            "children": {
                                "SubprocessEnvManager._take_step": {
                                    "total": 32.447936300000386,
                                    "count": 9357,
                                    "self": 0.5310339999998774,
                                    "children": {
                                        "TorchPolicy.evaluate": {
                                            "total": 31.91690230000051,
                                            "count": 9357,
                                            "self": 20.58748360000027,
                                            "children": {
                                                "TorchPolicy.sample_actions": {
                                                    "total": 11.32941870000024,
                                                    "count": 9357,
                                                    "self": 11.32941870000024
                                                }
                                            }
                                        }
                                    }
                                },
                                "workers": {
                                    "total": 0.10169430000065915,
                                    "count": 9356,
                                    "self": 0.0,
                                    "children": {
                                        "worker_root": {
                                            "total": 197.10430950000074,
                                            "count": 9356,
                                            "is_parallel": true,
                                            "self": 53.92378120000032,
                                            "children": {
                                                "steps_from_proto": {
                                                    "total": 0.030214199999999636,
                                                    "count": 1,
                                                    "is_parallel": true,
                                                    "self": 0.00011969999999905667,
                                                    "children": {
                                                        "_process_rank_one_or_two_observation": {
                                                            "total": 0.03009450000000058,
                                                            "count": 4,
                                                            "is_parallel": true,
                                                            "self": 0.03009450000000058
                                                        }
                                                    }
                                                },
                                                "UnityEnvironment.step": {
                                                    "total": 143.15031410000043,
                                                    "count": 9356,
                                                    "is_parallel": true,
                                                    "self": 0.6570042000023477,
                                                    "children": {
                                                        "UnityEnvironment._generate_step_input": {
                                                            "total": 0.558890799999503,
                                                            "count": 9356,
                                                            "is_parallel": true,
                                                            "self": 0.558890799999503
                                                        },
                                                        "communicator.exchange": {
                                                            "total": 139.74284759999944,
                                                            "count": 9356,
                                                            "is_parallel": true,
                                                            "self": 139.74284759999944
                                                        },
                                                        "steps_from_proto": {
                                                            "total": 2.1915714999991316,
                                                            "count": 9356,
                                                            "is_parallel": true,
                                                            "self": 0.9825877000002627,
                                                            "children": {
                                                                "_process_rank_one_or_two_observation": {
                                                                    "total": 1.2089837999988688,
                                                                    "count": 37424,
                                                                    "is_parallel": true,
                                                                    "self": 1.2089837999988688
                                                                }
                                                            }
                                                        }
                                                    }
                                                }
                                            }
                                        }
                                    }
                                }
                            }
                        },
                        "trainer_advance": {
                            "total": 1.4798818000009604,
                            "count": 9356,
                            "self": 0.18936619999962545,
                            "children": {
                                "process_trajectory": {
                                    "total": 1.290515600001335,
                                    "count": 9356,
                                    "self": 1.290515600001335
                                }
                            }
                        }
                    }
                },