{
    "name": "root",
    "metadata": {
        "timer_format_version": "0.1.0",
        "start_time_seconds": "1646364524",
        "python_version": "3.8.10 (tags/v3.8.10:3d8993a, May  3 2021, 11:48:03) [MSC v.1928 64 bit (AMD64)]",
        "command_line_arguments": "D:\\VGP332\\UnityML-Driving\\UnityML-Driving\\venv\\Scripts\\mlagents-learn config/drivingToCheckPoint.yaml --force",
        "mlagents_version": "0.28.0",
        "mlagents_envs_version": "0.28.0",
        "communication_protocol_version": "1.5.0",
        "pytorch_version": "1.10.2+cu113",
        "numpy_version": "1.22.2",
        "end_time_seconds": "1646364625"
    },
    "total": 101.4888099,
    "count": 1,
    "self": 0.006554700000009461,
    "children": {
        "run_training.setup": {
            "total": 0.11659799999999998,
            "count": 1,
            "self": 0.11659799999999998
        },
        "TrainerController.start_learning": {
            "total": 101.3656572,
            "count": 1,
            "self": 0.01894600000005653,
            "children": {
                "TrainerController._reset_env": {
                    "total": 20.923783800000002,
                    "count": 1,
                    "self": 20.213292800000005,
                    "children": {
                        "demo_to_buffer": {
                            "total": 0.7104909999999975,
                            "count": 2,
                            "self": 9.74999999954207e-05,
                            "children": {
                                "load_demonstration": {
                                    "total": 0.009075500000001568,
                                    "count": 2,
                                    "self": 0.008914200000003092,
                                    "children": {
                                        "read_file": {
                                            "total": 0.00016129999999847655,
                                            "count": 2,
                                            "self": 0.00016129999999847655
                                        }
                                    }
                                },
                                "make_demo_buffer": {
                                    "total": 0.7013180000000006,
                                    "count": 2,
                                    "self": 0.1268639000000178,
                                    "children": {
                                        "steps_from_proto": {
                                            "total": 0.5744540999999828,
                                            "count": 4468,
                                            "self": 0.2951472000000237,
                                            "children": {
                                                "_process_rank_one_or_two_observation": {
                                                    "total": 0.27930689999995906,
                                                    "count": 17872,
                                                    "self": 0.27930689999995906
                                                }
                                            }
                                        }
                                    }
                                }
                            }
                        }
                    }
                },
                "TrainerController.advance": {
                    "total": 79.52976179999995,
                    "count": 1241,
                    "self": 0.019967600000029506,
                    "children": {
                        "env_step": {
                            "total": 65.56937479999998,
                            "count": 1241,
                            "self": 57.585274599999906,
                            "children": {
                                "SubprocessEnvManager._take_step": {
                                    "total": 7.971802900000107,
                                    "count": 1241,
                                    "self": 0.06121700000007024,
                                    "children": {
                                        "TorchPolicy.evaluate": {
                                            "total": 7.9105859000000365,
                                            "count": 1241,
                                            "self": 1.778702600000063,
                                            "children": {
                                                "TorchPolicy.sample_actions": {
                                                    "total": 6.1318832999999735,
                                                    "count": 1241,
                                                    "self": 6.1318832999999735
                                                }
                                            }
                                        }
                                    }
                                },
                                "workers": {
                                    "total": 0.012297299999961098,
                                    "count": 1240,
                                    "self": 0.0,
                                    "children": {
                                        "worker_root": {
                                            "total": 53.0828003999999,
                                            "count": 1240,
                                            "is_parallel": true,
                                            "self": 36.63082659999971,
                                            "children": {
                                                "steps_from_proto": {
                                                    "total": 0.03595059999999961,
                                                    "count": 1,
                                                    "is_parallel": true,
                                                    "self": 0.00011959999999877624,
                                                    "children": {
                                                        "_process_rank_one_or_two_observation": {
                                                            "total": 0.035831000000000834,
                                                            "count": 4,
                                                            "is_parallel": true,
                                                            "self": 0.035831000000000834
                                                        }
                                                    }
                                                },
                                                "UnityEnvironment.step": {
                                                    "total": 16.416023200000186,
                                                    "count": 1240,
                                                    "is_parallel": true,
                                                    "self": 0.08015850000019142,
                                                    "children": {
                                                        "UnityEnvironment._generate_step_input": {
                                                            "total": 0.06509759999988773,
                                                            "count": 1240,
                                                            "is_parallel": true,
                                                            "self": 0.06509759999988773
                                                        },
                                                        "communicator.exchange": {
                                                            "total": 15.995144700000115,
                                                            "count": 1240,
                                                            "is_parallel": true,