{
    "name": "root",
    "metadata": {
        "timer_format_version": "0.1.0",
        "start_time_seconds": "1646706408",
        "python_version": "3.8.10 (tags/v3.8.10:3d8993a, May  3 2021, 11:48:03) [MSC v.1928 64 bit (AMD64)]",
        "command_line_arguments": "D:\\VGP332\\UnityML-Driving\\UnityML-Driving\\venv\\Scripts\\mlagents-learn --force",
        "mlagents_version": "0.28.0",
        "mlagents_envs_version": "0.28.0",
        "communication_protocol_version": "1.5.0",
        "pytorch_version": "1.10.2+cu113",
        "numpy_version": "1.22.2",
        "end_time_seconds": "1646706594"
    },
    "total": 185.4064516,
    "count": 1,
    "self": 0.0069605999999851065,
    "children": {
        "run_training.setup": {
            "total": 0.05524569999999995,
            "count": 1,
            "self": 0.05524569999999995
        },
        "TrainerController.start_learning": {
            "total": 185.3442453,
            "count": 1,
            "self": 0.12860709999975484,
            "children": {
                "TrainerController._reset_env": {
                    "total": 8.068299099999999,
                    "count": 1,
                    "self": 8.068299099999999
                },
                "TrainerController.advance": {
                    "total": 172.19932640000027,
                    "count": 7534,
                    "self": 0.12176879999995549,
                    "children": {
                        "env_step": {
                            "total": 171.18627019999988,
                            "count": 7534,
                            "self": 151.66152139999843,
                            "children": {
                                "SubprocessEnvManager._take_step": {
                                    "total": 19.44354810000069,
                                    "count": 7534,
                                    "self": 0.4168071000007032,
                                    "children": {
                                        "TorchPolicy.evaluate": {
                                            "total": 19.026740999999987,
                                            "count": 7534,
                                            "self": 12.813382299999216,
                                            "children": {
                                                "TorchPolicy.sample_actions": {
                                                    "total": 6.2133587000007715,
                                                    "count": 7534,
                                                    "self": 6.2133587000007715
                                                }
                                            }
                                        }
                                    }
                                },
                                "workers": {
                                    "total": 0.0812007000007462,
                                    "count": 7533,
                                    "self": 0.0,
                                    "children": {
                                        "worker_root": {
                                            "total": 111.89691679999956,
                                            "count": 7533,
                                            "is_parallel": true,
                                            "self": 28.44108210000006,
                                            "children": {
                                                "steps_from_proto": {
                                                    "total": 0.0003166000000005553,
                                                    "count": 1,
                                                    "is_parallel": true,
                                                    "self": 0.0001086000000007914,
                                                    "children": {
                                                        "_process_rank_one_or_two_observation": {
                                                            "total": 0.00020799999999976393,
                                                            "count": 4,
                                                            "is_parallel": true,
                                                            "self": 0.00020799999999976393
                                                        }
                                                    }
                                                },
                                                "UnityEnvironment.step": {
                                                    "total": 83.4555180999995,
                                                    "count": 7533,
                                                    "is_parallel": true,
                                                    "self": 0.5427167000000992,
                                                    "children": {
                                                        "UnityEnvironment._generate_step_input": {
                                                            "total": 0.4611532999992871,
                                                            "count": 7533,
                                                            "is_parallel": true,
                                                            "self": 0.4611532999992871
                                                        },
                                                        "communicator.exchange": {
                                                            "total": 80.67433099999975,
                                                            "count": 7533,
                                                            "is_parallel": true,
                                                            "self": 80.67433099999975
                                                        },
                                                        "steps_from_proto": {
                                                            "total": 1.7773171000003583,
                                                            "count": 7533,
                                                            "is_parallel": true,
                                                            "self": 0.7883927999997731,
                                                            "children": {
                                                                "_process_rank_one_or_two_observation": {
                                                                    "total": 0.9889243000005852,
                                                                    "count": 30132,
                                                                    "is_parallel": true,
                                                                    "self": 0.9889243000005852
                                                                }
                                                            }
                                                        }
                                                    }
                                                }
                                            }
                                        }
                                    }
                                }
                            }
                        },
                        "trainer_advance": {
                            "total": 0.8912874000004507,
                            "count": 7533,
                            "self": 0.15184010000039372,
                            "children": {
                                "process_trajectory": {
                                    "total": 0.739447300000057,
                                    "count": 7533,
                                    "self": 0.739447300000057
                                }
                            }
                        }
                    }
                },