{
    "name": "root",
    "metadata": {
        "timer_format_version": "0.1.0",
        "start_time_seconds": "1654667086",
        "python_version": "3.8.10 (tags/v3.8.10:3d8993a, May  3 2021, 11:48:03) [MSC v.1928 64 bit (AMD64)]",
        "command_line_arguments": "E:\\desk\\Git\\UnityML-Driving\\UnityML-Driving\\venv\\Scripts\\mlagents-learn --resume",
        "mlagents_version": "0.28.0",
        "mlagents_envs_version": "0.28.0",
        "communication_protocol_version": "1.5.0",
        "pytorch_version": "1.7.0+cu110",
        "numpy_version": "1.22.2",
        "end_time_seconds": "1654667177"
    },
    "total": 91.1553045,
    "count": 1,
    "self": 10.005832199999986,
    "children": {
        "run_training.setup": {
            "total": 0.026573899999999928,
            "count": 1,
            "self": 0.026573899999999928
        },
        "TrainerController.start_learning": {
            "total": 81.12289840000001,
            "count": 1,
            "self": 0.12229499999959614,
            "children": {
                "TrainerController._reset_env": {
                    "total": 6.6224785,
                    "count": 1,
                    "self": 6.6224785
                },
                "TrainerController.advance": {
                    "total": 74.31200550000041,
                    "count": 7733,
                    "self": 0.09583410000051629,
                    "children": {
                        "env_step": {
                            "total": 73.42058329999972,
                            "count": 7733,
                            "self": 55.2857657000004,
                            "children": {
                                "SubprocessEnvManager._take_step": {
                                    "total": 18.059466899999673,
                                    "count": 7734,
                                    "self": 0.38135769999979985,
                                    "children": {
                                        "TorchPolicy.evaluate": {
                                            "total": 17.678109199999874,
                                            "count": 7734,
                                            "self": 9.567313300000048,
                                            "children": {
                                                "TorchPolicy.sample_actions": {
                                                    "total": 8.110795899999825,
                                                    "count": 7734,
                                                    "self": 8.110795899999825
                                                }
                                            }
                                        }
                                    }
                                },
                                "workers": {
                                    "total": 0.07535069999965138,
                                    "count": 7732,
                                    "self": 0.0,
                                    "children": {
                                        "worker_root": {
                                            "total": 53.88554499999976,
                                            "count": 7732,
                                            "is_parallel": true,
                                            "self": 25.381125299999646,
                                            "children": {
                                                "steps_from_proto": {
                                                    "total": 0.0009031000000003786,
                                                    "count": 2,
                                                    "is_parallel": true,
                                                    "self": 0.0004188999999987786,
                                                    "children": {
                                                        "_process_rank_one_or_two_observation": {
                                                            "total": 0.0004842000000016,
                                                            "count": 8,
                                                            "is_parallel": true,
                                                            "self": 0.0004842000000016
                                                        }
                                                    }
                                                },
                                                "UnityEnvironment.step": {
                                                    "total": 28.50351660000011,
                                                    "count": 7732,
                                                    "is_parallel": true,
                                                    "self": 0.46706320000032164,
                                                    "children": {
                                                        "UnityEnvironment._generate_step_input": {
                                                            "total": 0.43163020000020946,
                                                            "count": 7732,
                                                            "is_parallel": true,
                                                            "self": 0.43163020000020946
                                                        },
                                                        "communicator.exchange": {
                                                            "total": 26.0991412999998,
                                                            "count": 7732,
                                                            "is_parallel": true,
                                                            "self": 26.0991412999998
                                                        },
                                                        "steps_from_proto": {
                                                            "total": 1.5056818999997796,
                                                            "count": 7732,
                                                            "is_parallel": true,
                                                            "self": 0.6093091999999585,
                                                            "children": {
                                                                "_process_rank_one_or_two_observation": {
                                                                    "total": 0.8963726999998212,
                                                                    "count": 30928,
                                                                    "is_parallel": true,
                                                                    "self": 0.8963726999998212
                                                                }
                                                            }
                                                        }
                                                    }
                                                }
                                            }
                                        }
                                    }
                                }
                            }
                        },
                        "trainer_advance": {
                            "total": 0.7955881000001721,
                            "count": 7732,
                            "self": 0.16032699999976607,
                            "children": {
                                "process_trajectory": {
                                    "total": 0.635261100000406,
                                    "count": 7732,
                                    "self": 0.635261100000406
                                }
                            }
                        }
                    }
                },